{"options":{"awareOfChrome":false,"check_for_updates":true,"comment":null,"compat_arrayleft":false,"compat_foreach":false,"compat_forvarin":false,"compat_metadata":false,"compat_uW_gmonkey":false,"compat_wrappedjsobject":false,"compatopts_for_requires":true,"noframes":null,"override":{"merge_connects":true,"merge_excludes":true,"merge_includes":true,"merge_matches":true,"orig_connects":[],"orig_excludes":[],"orig_includes":[],"orig_matches":["http*://q.gs/*","http*://j.gs/*","http*://adf.ly/*","http*://queuecosm.bid/*","http*://threadsphere.bid/*","http*://restorecosm.bid/*","http*://clearload.bid/*","http*://bc.vc/*","http*://swzz.xyz/*","http*://vcrypt.net/*","http*://swiftviz.net/*","http*://4snip.pw/*"],"orig_noframes":null,"orig_run_at":"document-idle","use_blockers":[],"use_connects":[],"use_excludes":[],"use_includes":[],"use_matches":[]},"run_at":null},"settings":{"enabled":true,"position":2},"meta":{"name":"Adfly-skipper","uuid":"fdf4c7cc-17d4-4e5b-b60b-2330165d9bf2","modified":1572877618446,"file_url":"https://greasyfork.org/scripts/34637-adfly-skipper/code/Adfly-skipper.user.js"}}