{"options":{"awareOfChrome":false,"check_for_updates":true,"comment":null,"compat_arrayleft":false,"compat_foreach":false,"compat_forvarin":false,"compat_metadata":false,"compat_uW_gmonkey":false,"compat_wrappedjsobject":false,"compatopts_for_requires":true,"noframes":null,"override":{"merge_connects":true,"merge_excludes":true,"merge_includes":true,"merge_matches":true,"orig_connects":[],"orig_excludes":["https://www.linkedin.com/*","https://*.facebook.com/*","https://*.google.tld/*","https://*.youtube.com/*","*://disqus.com/embed/*","https://vk.com/*","https://*.vk.com/*","https://vimeo.com/*","https://*.vimeo.com/*","*://*.coub.com/*","*://coub.com/*","*://*.googlesyndication.com/*","*://*.naver.com/*","*://*.yandex.tld/*","https://*.twitch.tv/*","https://tinder.com/*","*://*.yahoo.com/*","*://chat.chatovod.ru/*","*://vc.ru/*","*://tjournal.ru/*","*://amanice.ru/*","*://ka-union.ru/*","*://*.ssgdfm.com/*","*://*.brainpop.com/*","*://*.taobao.com/*"],"orig_includes":[],"orig_matches":["http://*/*","https://*/*"],"orig_noframes":null,"orig_run_at":"document-start","use_blockers":[],"use_connects":[],"use_excludes":[],"use_includes":[],"use_matches":[]},"run_at":null},"settings":{"enabled":true,"position":8},"meta":{"name":"AdGuard Popup Blocker","uuid":"d0ea1a20-bb4d-488c-bfc4-a32912d3aa19","modified":1573651739970,"file_url":"https://greasyfork.org/scripts/33396-adguard-popup-blocker/code/AdGuard%20Popup%20Blocker.user.js"}}