{"options":{"awareOfChrome":false,"check_for_updates":true,"comment":null,"compat_arrayleft":false,"compat_foreach":false,"compat_forvarin":false,"compat_metadata":false,"compat_uW_gmonkey":false,"compat_wrappedjsobject":false,"compatopts_for_requires":true,"noframes":null,"override":{"merge_connects":true,"merge_excludes":true,"merge_includes":true,"merge_matches":true,"orig_connects":[],"orig_excludes":[],"orig_includes":["http://scholar.google.*/scholar?*","https://scholar.google.*/scholar?*"],"orig_matches":["http://www.scopus.com/record/display.uri?*","http://apps.webofknowledge.com/full_record.do?*","http://apps.webofknowledge.com/InterService.do?*","http://apps.webofknowledge.com/CitedFullRecord.do?*","https://www.scopus.com/record/display.uri?*","https://apps.webofknowledge.com/full_record.do?*","https://apps.webofknowledge.com/InterService.do?*","https://apps.webofknowledge.com/CitedFullRecord.do?*"],"orig_noframes":null,"orig_run_at":"document-idle","use_blockers":[],"use_connects":[],"use_excludes":[],"use_includes":[],"use_matches":[]},"run_at":null},"settings":{"enabled":true,"position":12},"meta":{"name":"Bypass paywalls for scientific documents","uuid":"e67bb3af-ce16-461a-abd9-00ddbb524ec7","modified":1617263372908,"file_url":"https://greasyfork.org/scripts/35521-bypass-paywalls-for-scientific-documents/code/Bypass%20paywalls%20for%20scientific%20documents.user.js"}}