{"options":{"awareOfChrome":false,"check_for_updates":true,"comment":null,"compat_arrayleft":false,"compat_foreach":false,"compat_forvarin":false,"compat_metadata":false,"compat_uW_gmonkey":false,"compat_wrappedjsobject":false,"compatopts_for_requires":true,"noframes":null,"override":{"merge_connects":true,"merge_excludes":true,"merge_includes":true,"merge_matches":true,"orig_connects":[],"orig_excludes":[],"orig_includes":["*://ipv4.google.*/sorry/*"],"orig_matches":[],"orig_noframes":null,"orig_run_at":"document-start","use_blockers":[],"use_connects":[],"use_excludes":[],"use_includes":[],"use_matches":[]},"run_at":null},"settings":{"enabled":true,"position":14},"meta":{"name":"Bypass Google Sorry (reCAPTCHA)","uuid":"5fdc2cfd-0875-490c-ae24-f543e1fe9632","modified":1573651852200,"file_url":"https://greasyfork.org/scripts/33226-bypass-google-sorry-recaptcha/code/Bypass%20Google%20Sorry%20(reCAPTCHA).user.js"}}