{"options":{"awareOfChrome":false,"check_for_updates":true,"comment":null,"compat_arrayleft":false,"compat_foreach":false,"compat_forvarin":false,"compat_metadata":false,"compat_uW_gmonkey":false,"compat_wrappedjsobject":false,"compatopts_for_requires":true,"noframes":null,"override":{"merge_connects":true,"merge_excludes":true,"merge_includes":true,"merge_matches":true,"orig_connects":[],"orig_excludes":[],"orig_includes":["http*://www.google.*.*/*","http*://google.*.*/*","http*://www.google.*/*","http*://google.*/*"],"orig_matches":[],"orig_noframes":null,"orig_run_at":"document-end","use_blockers":[],"use_connects":[],"use_excludes":[],"use_includes":[],"use_matches":[]},"run_at":null},"settings":{"enabled":true,"position":15},"meta":{"name":"Google Image \"View Image\" button","uuid":"c7a3ba81-909f-4375-a3b8-762b07085891","modified":1589447727177,"file_url":"https://greasyfork.org/scripts/38953-google-image-view-image-button/code/Google%20Image%20%22View%20Image%22%20button.user.js"}}