{"options":{"awareOfChrome":false,"check_for_updates":true,"comment":null,"compat_arrayleft":false,"compat_foreach":false,"compat_forvarin":false,"compat_metadata":false,"compat_uW_gmonkey":false,"compat_wrappedjsobject":false,"compatopts_for_requires":true,"noframes":null,"override":{"merge_connects":true,"merge_excludes":true,"merge_includes":true,"merge_matches":true,"orig_connects":["*"],"orig_excludes":[],"orig_includes":["http*://*.imdb.tld/title/tt*","http*://*.imdb.tld/search/title*","http*://*.imdb.tld/user/*/watchlist*","http*://*.imdb.com/title/tt*","http*://*.imdb.com/search/title*","http*://*.imdb.com/user/*/watchlist*"],"orig_matches":[],"orig_noframes":null,"orig_run_at":"document-idle","use_blockers":[],"use_connects":[],"use_excludes":[],"use_includes":[],"use_matches":[]},"run_at":null},"settings":{"enabled":true,"position":4},"meta":{"name":"IMDb Scout","uuid":"d6f088af-6720-41f9-b49a-591518d8fd49","modified":1596547727345,"file_url":"https://greasyfork.org/scripts/3967-imdb-scout/code/IMDb%20Scout.user.js"}}