{"options":{"check_for_updates":true,"comment":null,"compatopts_for_requires":true,"compat_wrappedjsobject":false,"compat_metadata":false,"compat_foreach":false,"compat_prototypes":false,"noframes":null,"run_at":null,"override":{"use_includes":[],"orig_includes":[],"merge_includes":true,"use_matches":[],"orig_matches":["https://rep.repubblica.it/*"],"merge_matches":true,"use_excludes":[],"orig_excludes":[],"merge_excludes":true,"use_connects":[],"merge_connects":true,"use_blockers":[],"orig_run_at":"document-idle","orig_noframes":null,"orig_connects":[]}},"settings":{"enabled":true,"position":23},"meta":{"name":"La Repubblica \"Rep\" Paywall Bypass","uuid":"6cf0bb8c-48ea-45ca-a7e4-828afdb79dcc","modified":1624021489384,"file_url":"https://greasyfork.org/scripts/371931-la-repubblica-rep-paywall-bypass/code/La%20Repubblica%20%22Rep%22%20Paywall%20Bypass.user.js"}}