{"options":{"check_for_updates":true,"comment":null,"compatopts_for_requires":true,"compat_wrappedjsobject":false,"compat_metadata":false,"compat_foreach":false,"compat_prototypes":false,"noframes":null,"run_at":null,"override":{"use_includes":[],"orig_includes":[],"merge_includes":true,"use_matches":[],"orig_matches":["*://www.thenation.com/article/*","*://www.wsj.com/articles/*","*://blogs.wsj.com/*","*://www.bostonglobe.com/*","*://www.nytimes.com/*","*://myaccount.nytimes.com/mobile/wall/smart/*","*://mobile.nytimes.com/*","*://www.latimes.com/*","*://www.washingtonpost.com/*"],"merge_matches":true,"use_excludes":[],"orig_excludes":[],"merge_excludes":true,"use_connects":[],"merge_connects":true,"use_blockers":[],"orig_run_at":"document-idle","orig_noframes":true,"orig_connects":[]}},"settings":{"enabled":true,"position":24},"meta":{"name":"Newspaper Paywall Bypasser","uuid":"925df196-b6fc-4114-a4f9-415f685013ab","modified":1624021499477,"file_url":"https://greasyfork.org/scripts/18585-newspaper-paywall-bypasser/code/Newspaper%20Paywall%20Bypasser.user.js"}}