{"options":{"awareOfChrome":false,"check_for_updates":true,"comment":null,"compat_arrayleft":false,"compat_foreach":false,"compat_forvarin":false,"compat_metadata":false,"compat_uW_gmonkey":false,"compat_wrappedjsobject":false,"compatopts_for_requires":true,"noframes":null,"override":{"merge_connects":true,"merge_excludes":true,"merge_includes":true,"merge_matches":true,"orig_connects":[],"orig_excludes":[],"orig_includes":["http://openload.co","/^(https?:)?\\/\\/(openload\\.(co|pw)|oload\\.(\\w+)|oladblock\\.(me|services|xyz))\\/*.*/"],"orig_matches":[],"orig_noframes":null,"orig_run_at":"document-start","use_blockers":[],"use_connects":[],"use_excludes":[],"use_includes":[],"use_matches":[]},"run_at":null},"settings":{"enabled":true,"position":7},"meta":{"name":"openload","uuid":"ed30a543-5c3b-4727-ab07-1fb23947e5ff","modified":1573651735403,"file_url":"https://greasyfork.org/scripts/17665-openload/code/openload.user.js"}}