{"options":{"check_for_updates":true,"comment":null,"compatopts_for_requires":true,"compat_wrappedjsobject":false,"compat_metadata":false,"compat_foreach":false,"compat_prototypes":false,"noframes":null,"run_at":null,"override":{"use_includes":[],"orig_includes":["https://open.spotify.com/*"],"merge_includes":true,"use_matches":[],"orig_matches":[],"merge_matches":true,"use_excludes":[],"orig_excludes":[],"merge_excludes":true,"use_connects":[],"merge_connects":true,"use_blockers":[],"orig_run_at":"document-idle","orig_noframes":null,"orig_connects":["genius.com"]}},"settings":{"enabled":true,"position":22},"meta":{"name":"Spotify Genius Lyrics","uuid":"393ab7f3-e4e3-4e06-937e-ed264abc6414","modified":1624020687317,"file_url":"https://openuserjs.org/install/cuzi/Spotify_Genius_Lyrics.user.js"}}