{"options":{"awareOfChrome":false,"check_for_updates":true,"comment":null,"compat_arrayleft":false,"compat_foreach":false,"compat_forvarin":false,"compat_metadata":false,"compat_uW_gmonkey":false,"compat_wrappedjsobject":false,"compatopts_for_requires":true,"noframes":null,"override":{"merge_connects":true,"merge_excludes":true,"merge_includes":true,"merge_matches":true,"orig_connects":["steamtradematcher.com"],"orig_excludes":[],"orig_includes":[],"orig_matches":["*://steamcommunity.com/tradeoffer/new/*source=stm*","*://*.steamtradematcher.com/*"],"orig_noframes":null,"orig_run_at":"document-idle","use_blockers":[],"use_connects":[],"use_excludes":[],"use_includes":[],"use_matches":[]},"run_at":null},"settings":{"enabled":true,"position":19},"meta":{"name":"SteamTrade Matcher Userscript - automatically add cards to trade","uuid":"6a827627-158b-4ee4-bcf4-3321af327148","modified":1588664494608,"file_url":"https://www.steamtradematcher.com/res/userscript/stm.user.js"}}