{"options":{"check_for_updates":true,"comment":null,"compat_foreach":false,"compat_metadata":false,"compat_prototypes":false,"compat_wrappedjsobject":false,"compatopts_for_requires":true,"noframes":null,"override":{"merge_connects":true,"merge_excludes":true,"merge_includes":true,"merge_matches":true,"orig_connects":[],"orig_excludes":[],"orig_includes":["file://*","about:blank","https://www.example.com/path/to/directory/*"],"orig_matches":[],"orig_noframes":null,"orig_run_at":"document-idle","use_blockers":[],"use_connects":[],"use_excludes":[],"use_includes":["http://203.96.191.70/*","http://103.132.187.18/Data/","http://103.132.187.18/Data/*"],"use_matches":[]},"run_at":null},"settings":{"enabled":true,"position":20},"meta":{"name":"Supercharged Local Directory File Browser","uuid":"dcec06bb-e2da-4eb7-babe-4e9974a18dc2","modified":1623654941136,"file_url":"https://openuserjs.org/install/gaspar_schot/Supercharged_Local_Directory_File_Browser.user.js"}}