{"options":{"awareOfChrome":false,"check_for_updates":true,"comment":null,"compat_arrayleft":false,"compat_foreach":false,"compat_forvarin":false,"compat_metadata":false,"compat_uW_gmonkey":false,"compat_wrappedjsobject":false,"compatopts_for_requires":true,"noframes":null,"override":{"merge_connects":true,"merge_excludes":true,"merge_includes":true,"merge_matches":true,"orig_connects":[],"orig_excludes":[],"orig_includes":[],"orig_matches":["*://thepiratebay.org/*","*://pirateproxy.surf/*"],"orig_noframes":true,"orig_run_at":"document-end","use_blockers":[],"use_connects":[],"use_excludes":[],"use_includes":[],"use_matches":[]},"run_at":null},"settings":{"enabled":true,"position":17},"meta":{"name":"The Pirate Bay Cleaner","uuid":"1539462e-5f24-4302-a386-49c0c2a55c2c","modified":1607525082169,"file_url":"https://greasyfork.org/scripts/1573-the-pirate-bay-cleaner/code/The%20Pirate%20Bay%20Cleaner.user.js"}}