{"options":{"awareOfChrome":false,"check_for_updates":true,"comment":null,"compat_arrayleft":false,"compat_foreach":false,"compat_forvarin":false,"compat_metadata":false,"compat_uW_gmonkey":false,"compat_wrappedjsobject":false,"compatopts_for_requires":true,"noframes":null,"override":{"merge_connects":true,"merge_excludes":true,"merge_includes":true,"merge_matches":true,"orig_connects":[],"orig_excludes":[],"orig_includes":["https://torrentz2.eu/*","https://torrentz2.me/*","https://torrentz2.is/*"],"orig_matches":[],"orig_noframes":null,"orig_run_at":"document-idle","use_blockers":[],"use_connects":[],"use_excludes":[],"use_includes":[],"use_matches":[]},"run_at":null},"settings":{"enabled":true,"position":10},"meta":{"name":"Torrentz2 Magnet","uuid":"43e05da4-9d44-4313-8cad-769a9b8acab4","modified":1573651752523,"file_url":"https://greasyfork.org/scripts/21547-torrentz2-magnet/code/Torrentz2%20Magnet.user.js"}}