{"options":{"check_for_updates":true,"comment":null,"compatopts_for_requires":true,"compat_wrappedjsobject":false,"compat_metadata":false,"compat_foreach":false,"compat_prototypes":false,"noframes":null,"run_at":null,"override":{"use_includes":[],"orig_includes":["https://www.youtube.com/*","https://music.youtube.com/*"],"merge_includes":true,"use_matches":[],"orig_matches":[],"merge_matches":true,"use_excludes":[],"orig_excludes":[],"merge_excludes":true,"use_connects":[],"merge_connects":true,"use_blockers":[],"orig_run_at":"document-idle","orig_noframes":null,"orig_connects":["genius.com"]}},"settings":{"enabled":true,"position":21},"meta":{"name":"Youtube Genius Lyrics","uuid":"e27d986a-23fe-4533-b3c9-05a272924ab1","modified":1624020463968,"file_url":"https://openuserjs.org/install/cuzi/Youtube_Genius_Lyrics.user.js"}}